2.288000000000000103e-02;2.175999999999999809e-02;2.143999999999999725e-02;2.239999999999999977e-02;2.175999999999999809e-02;2.112000000000000682e-02;2.176000000000000156e-02;2.144000000000000419e-02;2.208000000000000587e-02;2.223999999999999935e-02;2.160000000000000114e-02;2.272000000000000061e-02;2.192000000000000198e-02;2.192000000000000198e-02;2.144000000000000072e-02;2.223999999999999935e-02;2.143999999999999725e-02;2.144000000000000419e-02;2.095999999999999946e-02;2.256000000000000366e-02;2.176000000000000156e-02;2.160000000000000114e-02;2.095999999999999946e-02;2.224000000000000282e-02;2.128000000000000030e-02;2.063999999999999863e-02;2.160000000000000114e-02;2.224000000000000282e-02;2.224000000000000282e-02;2.144000000000000072e-02;2.192000000000000198e-02;2.176000000000000156e-02;2.144000000000000419e-02;2.239999999999999977e-02;2.208000000000000587e-02;2.160000000000000114e-02;2.176000000000000156e-02;2.144000000000000419e-02;2.224000000000000282e-02;2.223999999999999935e-02;2.239999999999999977e-02;2.176000000000000156e-02;2.160000000000000114e-02;2.128000000000000030e-02;2.192000000000000198e-02;2.128000000000000030e-02;2.223999999999999935e-02;2.143999999999999725e-02;2.192000000000000198e-02;2.144000000000000419e-02
4.864000000000000268e-02;7.391999999999999960e-02;4.463999999999999913e-02;4.223999999999999977e-02;4.272000000000000103e-02;4.191999999999999893e-02;4.143999999999999767e-02;4.207999999999999935e-02;4.176000000000000545e-02;4.080000000000000293e-02;4.000000000000000083e-02;4.016000000000000125e-02;4.175999999999999851e-02;4.224000000000000671e-02;4.112000000000000377e-02;3.840000000000000357e-02;3.871999999999999748e-02;3.951999999999999957e-02;4.048000000000000209e-02;4.352000000000000313e-02;4.272000000000000103e-02;4.272000000000000103e-02;3.952000000000000651e-02;4.288000000000000839e-02;4.240000000000000019e-02;4.272000000000000103e-02;4.208000000000000629e-02;4.176000000000000545e-02;4.176000000000000545e-02;4.207999999999999935e-02;3.968000000000000693e-02;4.335999999999999577e-02;4.368000000000000355e-02;4.208000000000000629e-02;4.240000000000000713e-02;4.207999999999999935e-02;4.112000000000000377e-02;4.240000000000000713e-02;4.304000000000000187e-02;3.887999999999999790e-02;4.095999999999999641e-02;4.288000000000000839e-02;3.840000000000000357e-02;4.256000000000000061e-02;4.127999999999999725e-02;4.175999999999999851e-02;4.191999999999999893e-02;4.304000000000000187e-02;4.352000000000000313e-02;3.984000000000000041e-02
7.536000000000001031e-02;9.967999999999999083e-02;1.470400000000000040e-01;1.641599999999999726e-01;6.944000000000001560e-02;6.047999999999999904e-02;6.288000000000000533e-02;6.815999999999999837e-02;5.919999999999999568e-02;6.528000000000000469e-02;6.144000000000000850e-02;6.271999999999999797e-02;6.400000000000000133e-02;6.224000000000000365e-02;6.128000000000001501e-02;5.967999999999999694e-02;6.000000000000001166e-02;6.208000000000000324e-02;6.384000000000000785e-02;5.984000000000000430e-02;6.432000000000001605e-02;6.256000000000000449e-02;5.920000000000000956e-02;5.952000000000000346e-02;6.047999999999999904e-02;5.856000000000000094e-02;6.191999999999999588e-02;6.160000000000000892e-02;6.016000000000000514e-02;6.176000000000000240e-02;6.224000000000000365e-02;6.016000000000001208e-02;6.320000000000000617e-02;6.255999999999999062e-02;6.175999999999999546e-02;6.303999999999999881e-02;6.176000000000000240e-02;6.224000000000000365e-02;6.096000000000000030e-02;6.464000000000000301e-02;6.400000000000000133e-02;6.079999999999999988e-02;5.967999999999999694e-02;6.271999999999999797e-02;6.000000000000001166e-02;5.967999999999999694e-02;6.079999999999999988e-02;6.047999999999999904e-02;6.384000000000000785e-02;6.480000000000001037e-02
1.009600000000000081e-01;1.155199999999999977e-01;1.344000000000000195e-01;2.035200000000000065e-01;2.572800000000000087e-01;3.094400000000000484e-01;2.260799999999999754e-01;9.184000000000000496e-02;8.880000000000001781e-02;8.927999999999999825e-02;8.512000000000000122e-02;8.320000000000001006e-02;8.111999999999999766e-02;8.304000000000000270e-02;8.655999999999999805e-02;8.127999999999999114e-02;7.920000000000000651e-02;8.064000000000000334e-02;8.127999999999999114e-02;8.383999999999999786e-02;8.015999999999999515e-02;7.808000000000001051e-02;7.951999999999999347e-02;8.368000000000000438e-02;8.319999999999999618e-02;8.192000000000000670e-02;8.368000000000000438e-02;7.952000000000000735e-02;7.903999999999999915e-02;8.304000000000000270e-02;7.919999999999999263e-02;8.287999999999999534e-02;7.632000000000001283e-02;7.952000000000000735e-02;7.888000000000000567e-02;7.807999999999999663e-02;8.351999999999999702e-02;8.240000000000000102e-02;8.224000000000000754e-02;8.080000000000001070e-02;7.760000000000000231e-02;7.824000000000000399e-02;8.143999999999999850e-02;8.480000000000001426e-02;8.304000000000000270e-02;8.416000000000001258e-02;7.887999999999999179e-02;7.887999999999999179e-02;8.160000000000000586e-02;8.080000000000001070e-02
1.328000000000000014e-01;1.252800000000000025e-01;1.516799999999999815e-01;1.776000000000000079e-01;2.249599999999999933e-01;2.825599999999999778e-01;3.459200000000000053e-01;5.291200000000000347e-01;4.097600000000000131e-01;5.054400000000000004e-01;1.148800000000000099e-01;1.076799999999999979e-01;1.089600000000000152e-01;1.035199999999999870e-01;1.163200000000000206e-01;1.027200000000000057e-01;1.032000000000000001e-01;1.081600000000000061e-01;1.046399999999999969e-01;1.009600000000000081e-01;1.022399999999999975e-01;1.004799999999999860e-01;1.006400000000000211e-01;1.006399999999999934e-01;9.920000000000001039e-02;1.004799999999999860e-01;1.070399999999999963e-01;9.952000000000001123e-02;1.052799999999999986e-01;9.648000000000001020e-02;1.009599999999999803e-01;9.904000000000000303e-02;1.017600000000000032e-01;9.840000000000001523e-02;9.808000000000000052e-02;9.968000000000001859e-02;1.019200000000000106e-01;9.615999999999999548e-02;9.824000000000002175e-02;1.020799999999999902e-01;1.000000000000000194e-01;1.028799999999999992e-01;9.775999999999999968e-02;1.044799999999999895e-01;1.011200000000000154e-01;9.791999999999999316e-02;1.070399999999999963e-01;1.027199999999999919e-01;9.967999999999999083e-02;9.759999999999999232e-02
1.649600000000000233e-01;1.648000000000000020e-01;1.640000000000000069e-01;2.028800000000000048e-01;2.276800000000000213e-01;2.888000000000000567e-01;3.208000000000000296e-01;3.863999999999999657e-01;4.822400000000001130e-01;5.929600000000000426e-01;7.801600000000000756e-01;9.516799999999999704e-01;4.670400000000000107e-01;1.473600000000000187e-01;1.299200000000000077e-01;1.275200000000000222e-01;1.299199999999999799e-01;1.299200000000000077e-01;1.236800000000000122e-01;1.265600000000000058e-01;1.228800000000000170e-01;1.227200000000000096e-01;1.182400000000000118e-01;1.206400000000000111e-01;1.235200000000000048e-01;1.278400000000000092e-01;1.183999999999999914e-01;1.211200000000000054e-01;1.196800000000000086e-01;1.204800000000000038e-01;1.227200000000000096e-01;1.225600000000000023e-01;1.187200000000000061e-01;1.174400000000000166e-01;1.222399999999999876e-01;1.203200000000000103e-01;1.225600000000000023e-01;1.214400000000000202e-01;1.220800000000000080e-01;1.203200000000000242e-01;1.177600000000000036e-01;1.217600000000000071e-01;1.195200000000000012e-01;1.217600000000000071e-01;1.228799999999999892e-01;1.214400000000000202e-01;1.192000000000000143e-01;1.171200000000000019e-01;1.230400000000000105e-01;1.216000000000000136e-01
1.932799999999999796e-01;1.707200000000000106e-01;2.038400000000000212e-01;2.361600000000000088e-01;2.478400000000000603e-01;2.852800000000000336e-01;2.849599999999999911e-01;3.739200000000000301e-01;4.998400000000000065e-01;4.505600000000000160e-01;6.985600000000000698e-01;6.750399999999999734e-01;8.484800000000001230e-01;9.443200000000000482e-01;9.635200000000001541e-01;4.675200000000000466e-01;1.742400000000000060e-01;1.527999999999999914e-01;1.492800000000000238e-01;1.596799999999999886e-01;1.500800000000000189e-01;1.500800000000000189e-01;1.441600000000000104e-01;1.451199999999999990e-01;1.436799999999999744e-01;1.459199999999999942e-01;1.366400000000000114e-01;1.435200000000000087e-01;1.452800000000000202e-01;1.451199999999999990e-01;1.392000000000000182e-01;1.404799999999999938e-01;1.409600000000000297e-01;1.430400000000000005e-01;1.465599999999999958e-01;1.412799999999999889e-01;1.399999999999999856e-01;1.390399999999999969e-01;1.460800000000000431e-01;1.409600000000000297e-01;1.414400000000000102e-01;1.446400000000000186e-01;1.406399999999999872e-01;1.452799999999999925e-01;1.392000000000000459e-01;1.382400000000000018e-01;1.428800000000000348e-01;1.388799999999999757e-01;1.447999999999999843e-01;1.388800000000000034e-01
2.233600000000000030e-01;2.099200000000000232e-01;2.230400000000000438e-01;2.668800000000000061e-01;2.678399999999999670e-01;2.766399999999999970e-01;3.147199999999999998e-01;3.539200000000000679e-01;3.862400000000000277e-01;3.870399999999999952e-01;4.908800000000000385e-01;7.955200000000000049e-01;5.905600000000000849e-01;6.564799999999999525e-01;8.932800000000000740e-01;9.827200000000001490e-01;9.795199999999999463e-01;9.687999999999998835e-01;9.590400000000001146e-01;2.948800000000000310e-01;1.745599999999999929e-01;1.787200000000000177e-01;1.708800000000000041e-01;1.627200000000000313e-01;1.675200000000000022e-01;1.686400000000000121e-01;1.705600000000000172e-01;1.694400000000000073e-01;1.684800000000000186e-01;1.713600000000000123e-01;1.665599999999999858e-01;1.667200000000000348e-01;1.688000000000000056e-01;1.672000000000000153e-01;1.582400000000000195e-01;1.660800000000000054e-01;1.622399999999999953e-01;1.617599999999999871e-01;1.595199999999999951e-01;1.652800000000000102e-01;1.611200000000000132e-01;1.585599999999999787e-01;1.601600000000000246e-01;1.614400000000000002e-01;1.611200000000000132e-01;1.579200000000000048e-01;1.625599999999999823e-01;1.603200000000000180e-01;1.596799999999999886e-01;1.731199999999999961e-01
2.620799999999999796e-01;2.783999999999999808e-01;2.566400000000000348e-01;2.820799999999999974e-01;2.908800000000000274e-01;3.281600000000000072e-01;2.839999999999999747e-01;3.404800000000000049e-01;3.857599999999999918e-01;4.073599999999999999e-01;4.103999999999999870e-01;5.009599999999999609e-01;5.585600000000000565e-01;5.593600000000000794e-01;6.876800000000000690e-01;8.526400000000000645e-01;9.612800000000000233e-01;9.907199999999999340e-01;9.801600000000000312e-01;9.796800000000001063e-01;9.475200000000001399e-01;8.995200000000000973e-01;4.435200000000000253e-01;2.156800000000000106e-01;1.918399999999999828e-01;1.833600000000000230e-01;1.899200000000000055e-01;1.943999999999999895e-01;1.811200000000000310e-01;1.867200000000000248e-01;1.964800000000000157e-01;1.820799999999999919e-01;1.830400000000000083e-01;1.844800000000000051e-01;1.766400000000000192e-01;1.803200000000000358e-01;1.812799999999999967e-01;1.835200000000000442e-01;1.819199999999999984e-01;1.835199999999999887e-01;1.848000000000000198e-01;1.844800000000000051e-01;1.791999999999999704e-01;1.787200000000000455e-01;1.811200000000000032e-01;1.814400000000000179e-01;1.809600000000000097e-01;1.814399999999999902e-01;1.782400000000000095e-01;1.751999999999999946e-01
2.903999999999999915e-01;2.987199999999999855e-01;2.843200000000000172e-01;2.870400000000000174e-01;3.032000000000000250e-01;3.289600000000000302e-01;3.027199999999999891e-01;3.494400000000000284e-01;3.457599999999999563e-01;3.564800000000000191e-01;4.022400000000000420e-01;3.833600000000000341e-01;4.345600000000001129e-01;5.947200000000000264e-01;5.897600000000000620e-01;5.887999999999999901e-01;7.535999999999999366e-01;9.843199999999999728e-01;9.676799999999999846e-01;9.988800000000001011e-01;9.977600000000000913e-01;9.764800000000001257e-01;9.753600000000000048e-01;9.518400000000000194e-01;8.491199999999998749e-01;6.875200000000000200e-01;2.276800000000000213e-01;2.561600000000000543e-01;2.110399999999999776e-01;2.244800000000000129e-01;2.195200000000000207e-01;2.142400000000000415e-01;2.102399999999999824e-01;2.107200000000000184e-01;2.126400000000000234e-01;2.075200000000000100e-01;1.996800000000000241e-01;2.088000000000000134e-01;1.963200000000000223e-01;2.070400000000000296e-01;2.011200000000000210e-01;2.040000000000000147e-01;2.049600000000000311e-01;2.031999999999999917e-01;2.001600000000000323e-01;2.081600000000000394e-01;2.044800000000000506e-01;2.003199999999999981e-01;2.080000000000000182e-01;2.004800000000000471e-01
3.108799999999999897e-01;2.931199999999999917e-01;2.942400000000000015e-01;3.022400000000000087e-01;3.057600000000000318e-01;2.958399999999999919e-01;3.654400000000000426e-01;3.168000000000000260e-01;4.032000000000000028e-01;4.374399999999999400e-01;3.824000000000000177e-01;5.059199999999999253e-01;3.460799999999999987e-01;4.641600000000000170e-01;5.230400000000000604e-01;5.265600000000000280e-01;6.718399999999999928e-01;5.896000000000000130e-01;9.456000000000001071e-01;8.721600000000000463e-01;9.921599999999999309e-01;9.982400000000000162e-01;9.983999999999999542e-01;9.918400000000000549e-01;9.803200000000000802e-01;9.716799999999998771e-01;9.513599999999999834e-01;8.547200000000000353e-01;8.187200000000001143e-01;6.606400000000001160e-01;2.347199999999999842e-01;2.369600000000000040e-01;2.438400000000000567e-01;2.304000000000000214e-01;2.414400000000000157e-01;2.316799999999999693e-01;2.328000000000000347e-01;2.251199999999999868e-01;2.339200000000000446e-01;2.297600000000000198e-01;2.267199999999999771e-01;2.280000000000000360e-01;2.201599999999999946e-01;2.233600000000000030e-01;2.233600000000000030e-01;2.232000000000000095e-01;2.230399999999999883e-01;2.289599999999999969e-01;2.203200000000000158e-01;2.228800000000000225e-01
3.064000000000000057e-01;3.060800000000000187e-01;3.095999999999999863e-01;3.262399999999999745e-01;3.099200000000000288e-01;3.278400000000000203e-01;3.630400000000000293e-01;3.536000000000000254e-01;4.286399999999999655e-01;3.497600000000000153e-01;4.316800000000000637e-01;4.800000000000000933e-01;4.859200000000000186e-01;4.729600000000000470e-01;4.446399999999999797e-01;6.427200000000000690e-01;5.302400000000000446e-01;5.124799999999999356e-01;7.671999999999999931e-01;6.932800000000000074e-01;8.915200000000000902e-01;9.918400000000000549e-01;9.995200000000000751e-01;9.883199999999998653e-01;9.983999999999999542e-01;9.907200000000001561e-01;9.921600000000001529e-01;9.838400000000000478e-01;9.705600000000000893e-01;9.243200000000000305e-01;8.884800000000000475e-01;8.254400000000000626e-01;6.030400000000000205e-01;5.496000000000000885e-01;2.777600000000000069e-01;3.001600000000000379e-01;2.604799999999999893e-01;2.596800000000000219e-01;2.569600000000000217e-01;2.531199999999999561e-01;2.494400000000000228e-01;2.439999999999999947e-01;2.432000000000000273e-01;2.452800000000000258e-01;2.409600000000000075e-01;2.448000000000000453e-01;2.393600000000000172e-01;2.464000000000000079e-01;2.427199999999999913e-01;2.401600000000000124e-01
3.214400000000000035e-01;3.240000000000000102e-01;3.379199999999999982e-01;3.275199999999999778e-01;3.356799999999999784e-01;3.206400000000000361e-01;3.969599999999999795e-01;3.500800000000000023e-01;4.182400000000000562e-01;3.812800000000000078e-01;4.097600000000000131e-01;4.404799999999999827e-01;4.633600000000000496e-01;4.598399999999999710e-01;5.265600000000000280e-01;5.219199999999999395e-01;5.216000000000000636e-01;5.209599999999999786e-01;6.334400000000000031e-01;9.009600000000000941e-01;8.918399999999999661e-01;6.971200000000000729e-01;9.919999999999999929e-01;9.916800000000000059e-01;9.993600000000000261e-01;9.985600000000000032e-01;9.996800000000000130e-01;9.961600000000000454e-01;9.952000000000001956e-01;9.856000000000000316e-01;9.657600000000000628e-01;9.625600000000000822e-01;9.196800000000001640e-01;8.235200000000000298e-01;8.200000000000000622e-01;7.748800000000001242e-01;4.372800000000000020e-01;3.478400000000000380e-01;2.771200000000000330e-01;2.734400000000000164e-01;2.686399999999999899e-01;2.816000000000000725e-01;2.783999999999999808e-01;2.843200000000000172e-01;2.715199999999999836e-01;2.588799999999999990e-01;2.574400000000000022e-01;2.696000000000000063e-01;2.753600000000000492e-01;2.671999999999999931e-01
3.728000000000000203e-01;3.728000000000000203e-01;3.748799999999999910e-01;3.719999999999999973e-01;3.729600000000000137e-01;3.790399999999999880e-01;4.063999999999999835e-01;4.264000000000000012e-01;4.587200000000000166e-01;4.004800000000000582e-01;4.870400000000000285e-01;4.126400000000000068e-01;4.923199999999999799e-01;4.964800000000000324e-01;5.320000000000000284e-01;5.248000000000000442e-01;5.660800000000001386e-01;6.216000000000000414e-01;5.126399999999999846e-01;5.105600000000000138e-01;8.771200000000000108e-01;7.020800000000000374e-01;9.014400000000000190e-01;8.900799999999999823e-01;9.918400000000000549e-01;9.992000000000000881e-01;9.990400000000001501e-01;9.988800000000001011e-01;9.969599999999999573e-01;9.990400000000001501e-01;9.950400000000000356e-01;9.848000000000001197e-01;9.761600000000001387e-01;9.711999999999999522e-01;9.289600000000000080e-01;8.896000000000000574e-01;8.644800000000000262e-01;7.646399999999999864e-01;7.585600000000000120e-01;5.887999999999999901e-01;4.296000000000000374e-01;3.286399999999999322e-01;2.827199999999999713e-01;3.068800000000000416e-01;3.020800000000000152e-01;3.153599999999999737e-01;2.952000000000000179e-01;2.907199999999999784e-01;2.879999999999999782e-01;3.060800000000000187e-01
4.017600000000000060e-01;3.760000000000000009e-01;3.747199999999999975e-01;3.745600000000000041e-01;3.951999999999999957e-01;3.886399999999999855e-01;3.998400000000000287e-01;3.867200000000000082e-01;4.838399999999999923e-01;4.137600000000000167e-01;5.380800000000001138e-01;4.408000000000000251e-01;4.534400000000000652e-01;4.974399999999999933e-01;5.465600000000000458e-01;5.361599999999999699e-01;5.235199999999999854e-01;5.198400000000000798e-01;5.483200000000000296e-01;6.099200000000000177e-01;6.220800000000000773e-01;6.065599999999999881e-01;6.132799999999999363e-01;6.876800000000000690e-01;9.918400000000000549e-01;9.998400000000000620e-01;9.902400000000000091e-01;9.923199999999999799e-01;9.992000000000000881e-01;9.996800000000000130e-01;9.993600000000000261e-01;9.961600000000000454e-01;9.939199999999999147e-01;9.921600000000001529e-01;9.776000000000000245e-01;9.750400000000001288e-01;9.272000000000000242e-01;9.331200000000000605e-01;9.150399999999999645e-01;8.492799999999999239e-01;7.929600000000001092e-01;7.247999999999999998e-01;5.652800000000000047e-01;5.136000000000000565e-01;3.703999999999999515e-01;3.779200000000000337e-01;3.444800000000000639e-01;3.347200000000000175e-01;3.094400000000000484e-01;3.219199999999999839e-01
4.446400000000000352e-01;3.982400000000000384e-01;3.854400000000000603e-01;3.878400000000000181e-01;3.936000000000000054e-01;3.944000000000000283e-01;4.601600000000000135e-01;4.496000000000000552e-01;4.982400000000000162e-01;4.480000000000000648e-01;4.518400000000000749e-01;5.161599999999999522e-01;4.497600000000001041e-01;5.323200000000001264e-01;5.280000000000000249e-01;5.460800000000000098e-01;5.417600000000000193e-01;5.318400000000000905e-01;5.828800000000000647e-01;6.364800000000000457e-01;5.313600000000000545e-01;5.073600000000000332e-01;7.112000000000000544e-01;7.065599999999999659e-01;9.921599999999999309e-01;1.000000000000000000e+00;1.000000000000000000e+00;9.918400000000000549e-01;9.998400000000000620e-01;9.995200000000000751e-01;9.993600000000000261e-01;9.972799999999999443e-01;9.968000000000000194e-01;9.966399999999999704e-01;9.916800000000000059e-01;9.871999999999999664e-01;9.849600000000000577e-01;9.886400000000001853e-01;9.672000000000000597e-01;9.448000000000000842e-01;9.455999999999999961e-01;9.374399999999999400e-01;8.811199999999999033e-01;7.912000000000001254e-01;7.492799999999999461e-01;6.980800000000000338e-01;4.681600000000000206e-01;5.124800000000000466e-01;4.919999999999999929e-01;3.940800000000000969e-01
4.528000000000000358e-01;4.825600000000000445e-01;4.835200000000000609e-01;4.600000000000000755e-01;4.337600000000000344e-01;4.811200000000000476e-01;4.103999999999999870e-01;4.438400000000000678e-01;4.483200000000001073e-01;4.195200000000000040e-01;4.951999999999999735e-01;5.231999999999999984e-01;5.294400000000000217e-01;5.252799999999999692e-01;5.217600000000000016e-01;5.313600000000000545e-01;5.252800000000000802e-01;5.284800000000000608e-01;5.326400000000000023e-01;6.062400000000000011e-01;5.257600000000000051e-01;5.129599999999999715e-01;6.209599999999999564e-01;7.096000000000000085e-01;6.966400000000000370e-01;9.012800000000000811e-01;9.998400000000000620e-01;1.000000000000000000e+00;1.000000000000000000e+00;1.000000000000000000e+00;9.995200000000000751e-01;9.992000000000000881e-01;9.995200000000000751e-01;9.996800000000000130e-01;9.980800000000000782e-01;9.934399999999999897e-01;9.931200000000000028e-01;9.947200000000000486e-01;9.840000000000002078e-01;9.815999999999999170e-01;9.683199999999999585e-01;9.603199999999999514e-01;9.494399999999998396e-01;9.307199999999999918e-01;8.958400000000000807e-01;8.752000000000000890e-01;8.475200000000000511e-01;8.094400000000000484e-01;7.497599999999999820e-01;5.900800000000000489e-01
4.899200000000000221e-01;4.849600000000000577e-01;4.911999999999999700e-01;4.566399999999999904e-01;4.911999999999999700e-01;4.900800000000000156e-01;4.848000000000000087e-01;4.830400000000000249e-01;4.790400000000000214e-01;5.409599999999999964e-01;5.244799999999999462e-01;5.073600000000000332e-01;5.263999999999999790e-01;5.183999999999999719e-01;6.196800000000000086e-01;5.315199999999999925e-01;5.288000000000000478e-01;6.271999999999999797e-01;6.188800000000000967e-01;7.092800000000000216e-01;7.257599999999999607e-01;6.222400000000000153e-01;7.257599999999999607e-01;7.043200000000000571e-01;7.024000000000000243e-01;8.054400000000001558e-01;8.012799999999999923e-01;8.006399999999999073e-01;9.995200000000000751e-01;1.000000000000000000e+00;9.996800000000000130e-01;9.996800000000000130e-01;9.998400000000000620e-01;9.998400000000000620e-01;9.983999999999999542e-01;9.992000000000000881e-01;9.980800000000001893e-01;9.987200000000001632e-01;9.936000000000000387e-01;9.940799999999999637e-01;9.891199999999999992e-01;9.787200000000000344e-01;9.788799999999999724e-01;9.828799999999999759e-01;9.625600000000000822e-01;9.408000000000000806e-01;9.566399999999999348e-01;9.001599999999999602e-01;8.702400000000001246e-01;8.688000000000000167e-01
4.964800000000000324e-01;4.838399999999999923e-01;4.768000000000000571e-01;4.891200000000000547e-01;4.951999999999999735e-01;4.956800000000000095e-01;5.214400000000000146e-01;4.870400000000000285e-01;5.216000000000000636e-01;5.262400000000000411e-01;5.284799999999999498e-01;5.435200000000000031e-01;6.097599999999999687e-01;5.267200000000000770e-01;5.273600000000000509e-01;5.387199999999999767e-01;5.188800000000000079e-01;5.137599999999999945e-01;5.512000000000000233e-01;5.331200000000000383e-01;6.283200000000001006e-01;8.020799999999999041e-01;6.081600000000000339e-01;7.110399999999998943e-01;7.072000000000000508e-01;6.060800000000000631e-01;8.062400000000000677e-01;9.000000000000000222e-01;9.001599999999999602e-01;1.000000000000000000e+00;1.000000000000000000e+00;1.000000000000000000e+00;1.000000000000000000e+00;1.000000000000000000e+00;9.993600000000000261e-01;9.995200000000000751e-01;1.000000000000000000e+00;9.987200000000001632e-01;9.966399999999999704e-01;9.976000000000000423e-01;9.940799999999999637e-01;9.884800000000000253e-01;9.976000000000000423e-01;9.923199999999999799e-01;9.811200000000001031e-01;9.839999999999999858e-01;9.696000000000001284e-01;9.556800000000000850e-01;9.523200000000000554e-01;9.545600000000000751e-01
5.161599999999999522e-01;5.107200000000000628e-01;5.211200000000000276e-01;5.275199999999999889e-01;5.267199999999999660e-01;5.233600000000000474e-01;5.243200000000000083e-01;5.254400000000000182e-01;5.243200000000000083e-01;5.395200000000001106e-01;5.248000000000000442e-01;5.273600000000000509e-01;5.246399999999999952e-01;5.219199999999999395e-01;5.156800000000000272e-01;5.187200000000000699e-01;6.035199999999999454e-01;5.076800000000000201e-01;6.148800000000000932e-01;5.176000000000000600e-01;7.161600000000000188e-01;6.129599999999999493e-01;5.158400000000000762e-01;9.129599999999999937e-01;7.046400000000000441e-01;6.073600000000000110e-01;7.039999999999999591e-01;8.064000000000000057e-01;1.000000000000000000e+00;9.921599999999999309e-01;1.000000000000000000e+00;9.998400000000000620e-01;1.000000000000000000e+00;1.000000000000000000e+00;1.000000000000000000e+00;1.000000000000000000e+00;9.995200000000000751e-01;9.995200000000000751e-01;9.992000000000000881e-01;9.992000000000000881e-01;9.968000000000000194e-01;9.987200000000001632e-01;9.961600000000000454e-01;9.928000000000001268e-01;9.979200000000000292e-01;9.918400000000000549e-01;9.878400000000000514e-01;9.791999999999999593e-01;9.670399999999998997e-01;9.609600000000000364e-01
5.209599999999999786e-01;5.219199999999999395e-01;5.220799999999999885e-01;5.219199999999999395e-01;5.208000000000000407e-01;5.505600000000000493e-01;5.211200000000000276e-01;5.567999999999999616e-01;5.233600000000000474e-01;5.222399999999999265e-01;5.230400000000000604e-01;5.137599999999999945e-01;5.233600000000000474e-01;5.217600000000000016e-01;5.995200000000000529e-01;6.105599999999999916e-01;6.196800000000000086e-01;6.105600000000001026e-01;6.073600000000000110e-01;7.219200000000000061e-01;5.697600000000000442e-01;7.144000000000000350e-01;6.379200000000000426e-01;8.025600000000000511e-01;7.017599999999999394e-01;8.001599999999999824e-01;1.000000000000000000e+00;1.000000000000000000e+00;8.108800000000000452e-01;1.000000000000000000e+00;9.024000000000000909e-01;1.000000000000000000e+00;1.000000000000000000e+00;9.998400000000000620e-01;1.000000000000000000e+00;1.000000000000000000e+00;9.996800000000000130e-01;9.995200000000000751e-01;1.000000000000000000e+00;9.996800000000000130e-01;9.998400000000000620e-01;9.985600000000001142e-01;9.980800000000000782e-01;9.987200000000001632e-01;9.972799999999999443e-01;9.990400000000001501e-01;9.979200000000000292e-01;9.908800000000000940e-01;9.764800000000001257e-01;9.897600000000000842e-01
5.448000000000000620e-01;5.318400000000000905e-01;5.497600000000000264e-01;5.459199999999999608e-01;5.227199999999999624e-01;5.200000000000000178e-01;5.231999999999999984e-01;5.622399999999999620e-01;6.100800000000000667e-01;5.932800000000000296e-01;5.145600000000000174e-01;6.099200000000000177e-01;6.111999999999999655e-01;6.071999999999999620e-01;6.097599999999999687e-01;6.161600000000000410e-01;6.071999999999999620e-01;7.046400000000000441e-01;7.392000000000000792e-01;8.025600000000000511e-01;6.148800000000000932e-01;9.001599999999999602e-01;1.000000000000000000e+00;8.065599999999999437e-01;9.025600000000000289e-01;8.015999999999999792e-01;9.014400000000000190e-01;8.169600000000001305e-01;9.039999999999999147e-01;1.000000000000000000e+00;8.080000000000000515e-01;9.921599999999999309e-01;1.000000000000000000e+00;1.000000000000000000e+00;9.998400000000000620e-01;9.996800000000000130e-01;9.998400000000000620e-01;9.996800000000000130e-01;9.998400000000000620e-01;9.998400000000000620e-01;9.998400000000000620e-01;9.988800000000001011e-01;9.990400000000001501e-01;9.982400000000000162e-01;9.976000000000000423e-01;9.985600000000000032e-01;9.996800000000000130e-01;9.905599999999999961e-01;9.968000000000000194e-01;9.960000000000001075e-01
5.414400000000000324e-01;5.505600000000000493e-01;5.561599999999999877e-01;5.561599999999999877e-01;5.591999999999999194e-01;5.694399999999999462e-01;5.873599999999999932e-01;5.340800000000001102e-01;5.233600000000000474e-01;5.257600000000000051e-01;6.065599999999999881e-01;5.852800000000000225e-01;6.051199999999999912e-01;6.104000000000000536e-01;6.793600000000000749e-01;7.118400000000000283e-01;5.457600000000000229e-01;7.022399999999999753e-01;6.092799999999999327e-01;6.231999999999999762e-01;7.033599999999999852e-01;9.014400000000000190e-01;7.319999999999999840e-01;7.070400000000000018e-01;8.921599999999999531e-01;1.000000000000000000e+00;8.169600000000001305e-01;1.000000000000000000e+00;1.000000000000000000e+00;1.000000000000000000e+00;1.000000000000000000e+00;1.000000000000000000e+00;1.000000000000000000e+00;1.000000000000000000e+00;1.000000000000000000e+00;1.000000000000000000e+00;1.000000000000000000e+00;9.998400000000000620e-01;9.995200000000000751e-01;9.996800000000000130e-01;9.998400000000000620e-01;9.993600000000000261e-01;9.995200000000000751e-01;9.983999999999999542e-01;9.992000000000000881e-01;1.000000000000000000e+00;9.974399999999998823e-01;9.985600000000000032e-01;9.968000000000000194e-01;9.932800000000000518e-01
5.615999999999999881e-01;5.606400000000000272e-01;5.615999999999999881e-01;5.617599999999999261e-01;5.804799999999999960e-01;5.598400000000000043e-01;5.507199999999999873e-01;5.606400000000000272e-01;6.001600000000000268e-01;5.660800000000000276e-01;6.088000000000000078e-01;5.785600000000000742e-01;6.111999999999999655e-01;8.051199999999999468e-01;7.041600000000000081e-01;7.017599999999999394e-01;9.014400000000000190e-01;6.772799999999999931e-01;6.067199999999999260e-01;7.073599999999999888e-01;7.003199999999999426e-01;8.001599999999999824e-01;1.000000000000000000e+00;8.083199999999999275e-01;9.313600000000000767e-01;9.006399999999998851e-01;8.131199999999999539e-01;9.001599999999999602e-01;9.057600000000001206e-01;9.921599999999999309e-01;1.000000000000000000e+00;1.000000000000000000e+00;1.000000000000000000e+00;1.000000000000000000e+00;1.000000000000000000e+00;1.000000000000000000e+00;1.000000000000000000e+00;1.000000000000000000e+00;9.998400000000000620e-01;1.000000000000000000e+00;9.998400000000000620e-01;1.000000000000000000e+00;9.996800000000000130e-01;1.000000000000000000e+00;9.995200000000000751e-01;9.996800000000000130e-01;1.000000000000000000e+00;9.992000000000000881e-01;9.993600000000000261e-01;9.990400000000001501e-01
6.590399999999999592e-01;6.582399999999999363e-01;6.590399999999999592e-01;5.849599999999999245e-01;5.785600000000000742e-01;5.588800000000000434e-01;5.664000000000000146e-01;5.881600000000000161e-01;6.800000000000000488e-01;6.022399999999998865e-01;7.028799999999999493e-01;6.079999999999999849e-01;6.169599999999999529e-01;9.001599999999999602e-01;7.030399999999999983e-01;7.027200000000000113e-01;8.014400000000000412e-01;7.072000000000000508e-01;8.103999999999998982e-01;9.006399999999998851e-01;9.014400000000000190e-01;9.001599999999999602e-01;8.064000000000000057e-01;1.000000000000000000e+00;7.129600000000000382e-01;1.000000000000000000e+00;9.025600000000000289e-01;1.000000000000000000e+00;1.000000000000000000e+00;1.000000000000000000e+00;1.000000000000000000e+00;1.000000000000000000e+00;1.000000000000000000e+00;1.000000000000000000e+00;1.000000000000000000e+00;1.000000000000000000e+00;1.000000000000000000e+00;1.000000000000000000e+00;1.000000000000000000e+00;1.000000000000000000e+00;1.000000000000000000e+00;9.998400000000000620e-01;1.000000000000000000e+00;1.000000000000000000e+00;9.998400000000000620e-01;1.000000000000000000e+00;9.990400000000001501e-01;9.995200000000000751e-01;9.995200000000000751e-01;9.992000000000000881e-01
7.547200000000000575e-01;7.547200000000000575e-01;6.612799999999999789e-01;6.448000000000000398e-01;6.489599999999999813e-01;7.788800000000000168e-01;8.438399999999999235e-01;6.603199999999999070e-01;7.012800000000000145e-01;8.923200000000000021e-01;6.608000000000000540e-01;6.119999999999999885e-01;7.878399999999999848e-01;9.000000000000000222e-01;7.953599999999999559e-01;9.025600000000000289e-01;8.006399999999999073e-01;9.006399999999998851e-01;1.000000000000000000e+00;9.001599999999999602e-01;1.000000000000000000e+00;9.000000000000000222e-01;9.014400000000000190e-01;9.014400000000000190e-01;1.000000000000000000e+00;9.006399999999998851e-01;1.000000000000000000e+00;1.000000000000000000e+00;1.000000000000000000e+00;1.000000000000000000e+00;1.000000000000000000e+00;1.000000000000000000e+00;1.000000000000000000e+00;1.000000000000000000e+00;1.000000000000000000e+00;9.998400000000000620e-01;1.000000000000000000e+00;1.000000000000000000e+00;1.000000000000000000e+00;1.000000000000000000e+00;9.998400000000000620e-01;1.000000000000000000e+00;1.000000000000000000e+00;9.996800000000000130e-01;9.996800000000000130e-01;9.998400000000000620e-01;9.998400000000000620e-01;9.998400000000000620e-01;1.000000000000000000e+00;9.998400000000000620e-01
8.532800000000000384e-01;8.532800000000000384e-01;8.532800000000000384e-01;7.592000000000000970e-01;7.745599999999999152e-01;7.795199999999999907e-01;6.800000000000000488e-01;7.524800000000000377e-01;8.025600000000000511e-01;8.020800000000001262e-01;8.775999999999999357e-01;7.788800000000000168e-01;9.006399999999998851e-01;7.737600000000000033e-01;8.774399999999999977e-01;7.806400000000000006e-01;9.006399999999998851e-01;8.320000000000000728e-01;1.000000000000000000e+00;1.000000000000000000e+00;1.000000000000000000e+00;1.000000000000000000e+00;1.000000000000000000e+00;1.000000000000000000e+00;1.000000000000000000e+00;9.003200000000000092e-01;1.000000000000000000e+00;9.025600000000000289e-01;1.000000000000000000e+00;1.000000000000000000e+00;1.000000000000000000e+00;1.000000000000000000e+00;1.000000000000000000e+00;1.000000000000000000e+00;1.000000000000000000e+00;1.000000000000000000e+00;1.000000000000000000e+00;1.000000000000000000e+00;1.000000000000000000e+00;1.000000000000000000e+00;1.000000000000000000e+00;1.000000000000000000e+00;9.996800000000000130e-01;1.000000000000000000e+00;9.998400000000000620e-01;9.996800000000000130e-01;9.996800000000000130e-01;9.996800000000000130e-01;1.000000000000000000e+00;9.996800000000000130e-01
9.774399999999999755e-01;8.832000000000000961e-01;8.532800000000000384e-01;8.720000000000001084e-01;8.532800000000000384e-01;8.665599999999999969e-01;8.923200000000000021e-01;7.756800000000000361e-01;7.950399999999999689e-01;8.020800000000001262e-01;8.617599999999999705e-01;1.000000000000000000e+00;9.014400000000000190e-01;8.928000000000000380e-01;8.127999999999999670e-01;9.014400000000000190e-01;9.001599999999999602e-01;9.025600000000000289e-01;1.000000000000000000e+00;9.014400000000000190e-01;9.057600000000001206e-01;1.000000000000000000e+00;1.000000000000000000e+00;1.000000000000000000e+00;1.000000000000000000e+00;1.000000000000000000e+00;1.000000000000000000e+00;1.000000000000000000e+00;1.000000000000000000e+00;1.000000000000000000e+00;1.000000000000000000e+00;1.000000000000000000e+00;1.000000000000000000e+00;1.000000000000000000e+00;1.000000000000000000e+00;1.000000000000000000e+00;1.000000000000000000e+00;1.000000000000000000e+00;1.000000000000000000e+00;1.000000000000000000e+00;1.000000000000000000e+00;9.998400000000000620e-01;1.000000000000000000e+00;1.000000000000000000e+00;1.000000000000000000e+00;1.000000000000000000e+00;1.000000000000000000e+00;1.000000000000000000e+00;9.998400000000000620e-01;9.998400000000000620e-01
9.548799999999999510e-01;9.774399999999999755e-01;9.414400000000000546e-01;9.292799999999999949e-01;8.800000000000001155e-01;9.774399999999999755e-01;9.577600000000000557e-01;9.921599999999999309e-01;9.025600000000000289e-01;8.814399999999998903e-01;8.587200000000001499e-01;8.022400000000000642e-01;8.617599999999999705e-01;1.000000000000000000e+00;1.000000000000000000e+00;1.000000000000000000e+00;1.000000000000000000e+00;1.000000000000000000e+00;1.000000000000000000e+00;1.000000000000000000e+00;1.000000000000000000e+00;1.000000000000000000e+00;1.000000000000000000e+00;1.000000000000000000e+00;1.000000000000000000e+00;1.000000000000000000e+00;1.000000000000000000e+00;1.000000000000000000e+00;1.000000000000000000e+00;1.000000000000000000e+00;1.000000000000000000e+00;1.000000000000000000e+00;1.000000000000000000e+00;1.000000000000000000e+00;1.000000000000000000e+00;1.000000000000000000e+00;1.000000000000000000e+00;1.000000000000000000e+00;1.000000000000000000e+00;1.000000000000000000e+00;1.000000000000000000e+00;1.000000000000000000e+00;1.000000000000000000e+00;1.000000000000000000e+00;1.000000000000000000e+00;9.998400000000000620e-01;1.000000000000000000e+00;1.000000000000000000e+00;9.998400000000000620e-01;1.000000000000000000e+00
9.774399999999999755e-01;9.774399999999999755e-01;9.705600000000000893e-01;9.352000000000000313e-01;9.705600000000000893e-01;9.548799999999999510e-01;9.139200000000000657e-01;9.921599999999999309e-01;9.039999999999999147e-01;9.705600000000000893e-01;8.103999999999998982e-01;9.039999999999999147e-01;8.800000000000001155e-01;9.057600000000001206e-01;9.921599999999999309e-01;9.518400000000000194e-01;1.000000000000000000e+00;1.000000000000000000e+00;1.000000000000000000e+00;1.000000000000000000e+00;1.000000000000000000e+00;1.000000000000000000e+00;1.000000000000000000e+00;1.000000000000000000e+00;1.000000000000000000e+00;1.000000000000000000e+00;1.000000000000000000e+00;1.000000000000000000e+00;1.000000000000000000e+00;1.000000000000000000e+00;1.000000000000000000e+00;1.000000000000000000e+00;1.000000000000000000e+00;1.000000000000000000e+00;1.000000000000000000e+00;1.000000000000000000e+00;1.000000000000000000e+00;1.000000000000000000e+00;1.000000000000000000e+00;1.000000000000000000e+00;1.000000000000000000e+00;9.998400000000000620e-01;1.000000000000000000e+00;1.000000000000000000e+00;1.000000000000000000e+00;9.998400000000000620e-01;1.000000000000000000e+00;1.000000000000000000e+00;1.000000000000000000e+00;9.998400000000000620e-01
9.696000000000000174e-01;9.768000000000001126e-01;9.551999999999999380e-01;9.846399999999999597e-01;9.846399999999999597e-01;9.774399999999999755e-01;9.774399999999999755e-01;9.774399999999999755e-01;9.548799999999999510e-01;9.846399999999999597e-01;9.486399999999999277e-01;9.692800000000000304e-01;9.768000000000001126e-01;9.235200000000001186e-01;1.000000000000000000e+00;9.499199999999999866e-01;1.000000000000000000e+00;1.000000000000000000e+00;1.000000000000000000e+00;1.000000000000000000e+00;1.000000000000000000e+00;1.000000000000000000e+00;1.000000000000000000e+00;1.000000000000000000e+00;1.000000000000000000e+00;1.000000000000000000e+00;1.000000000000000000e+00;1.000000000000000000e+00;1.000000000000000000e+00;1.000000000000000000e+00;1.000000000000000000e+00;1.000000000000000000e+00;1.000000000000000000e+00;1.000000000000000000e+00;1.000000000000000000e+00;1.000000000000000000e+00;1.000000000000000000e+00;1.000000000000000000e+00;1.000000000000000000e+00;1.000000000000000000e+00;1.000000000000000000e+00;1.000000000000000000e+00;1.000000000000000000e+00;1.000000000000000000e+00;9.998400000000000620e-01;1.000000000000000000e+00;1.000000000000000000e+00;1.000000000000000000e+00;1.000000000000000000e+00;1.000000000000000000e+00
9.467200000000000060e-01;9.467200000000000060e-01;9.467200000000000060e-01;9.391999999999999238e-01;9.542400000000000881e-01;9.548799999999999510e-01;9.548799999999999510e-01;9.480000000000000648e-01;9.843199999999999728e-01;9.768000000000001126e-01;9.640000000000000790e-01;9.640000000000000790e-01;1.000000000000000000e+00;9.577600000000000557e-01;1.000000000000000000e+00;1.000000000000000000e+00;1.000000000000000000e+00;1.000000000000000000e+00;1.000000000000000000e+00;1.000000000000000000e+00;1.000000000000000000e+00;1.000000000000000000e+00;1.000000000000000000e+00;1.000000000000000000e+00;1.000000000000000000e+00;1.000000000000000000e+00;1.000000000000000000e+00;1.000000000000000000e+00;1.000000000000000000e+00;1.000000000000000000e+00;1.000000000000000000e+00;1.000000000000000000e+00;1.000000000000000000e+00;1.000000000000000000e+00;1.000000000000000000e+00;1.000000000000000000e+00;1.000000000000000000e+00;1.000000000000000000e+00;1.000000000000000000e+00;1.000000000000000000e+00;1.000000000000000000e+00;1.000000000000000000e+00;1.000000000000000000e+00;1.000000000000000000e+00;1.000000000000000000e+00;1.000000000000000000e+00;1.000000000000000000e+00;1.000000000000000000e+00;9.998400000000000620e-01;1.000000000000000000e+00
9.391999999999999238e-01;9.395199999999999108e-01;9.696000000000000174e-01;9.395199999999999108e-01;9.316800000000000637e-01;9.470399999999999929e-01;9.774399999999999755e-01;9.843199999999999728e-01;9.620799999999999352e-01;9.774399999999999755e-01;9.620799999999999352e-01;1.000000000000000000e+00;1.000000000000000000e+00;1.000000000000000000e+00;1.000000000000000000e+00;1.000000000000000000e+00;1.000000000000000000e+00;1.000000000000000000e+00;1.000000000000000000e+00;1.000000000000000000e+00;1.000000000000000000e+00;1.000000000000000000e+00;1.000000000000000000e+00;1.000000000000000000e+00;1.000000000000000000e+00;1.000000000000000000e+00;1.000000000000000000e+00;1.000000000000000000e+00;1.000000000000000000e+00;1.000000000000000000e+00;1.000000000000000000e+00;1.000000000000000000e+00;1.000000000000000000e+00;1.000000000000000000e+00;1.000000000000000000e+00;1.000000000000000000e+00;1.000000000000000000e+00;1.000000000000000000e+00;1.000000000000000000e+00;1.000000000000000000e+00;1.000000000000000000e+00;1.000000000000000000e+00;1.000000000000000000e+00;1.000000000000000000e+00;1.000000000000000000e+00;1.000000000000000000e+00;1.000000000000000000e+00;1.000000000000000000e+00;1.000000000000000000e+00;9.998400000000000620e-01
9.620799999999999352e-01;9.620799999999999352e-01;9.620799999999999352e-01;9.539200000000001012e-01;1.000000000000000000e+00;9.768000000000001126e-01;9.774399999999999755e-01;9.846399999999999597e-01;9.921599999999999309e-01;1.000000000000000000e+00;9.696000000000000174e-01;1.000000000000000000e+00;1.000000000000000000e+00;1.000000000000000000e+00;9.921599999999999309e-01;1.000000000000000000e+00;1.000000000000000000e+00;1.000000000000000000e+00;1.000000000000000000e+00;1.000000000000000000e+00;1.000000000000000000e+00;1.000000000000000000e+00;1.000000000000000000e+00;1.000000000000000000e+00;1.000000000000000000e+00;1.000000000000000000e+00;1.000000000000000000e+00;1.000000000000000000e+00;1.000000000000000000e+00;1.000000000000000000e+00;1.000000000000000000e+00;1.000000000000000000e+00;1.000000000000000000e+00;1.000000000000000000e+00;1.000000000000000000e+00;1.000000000000000000e+00;1.000000000000000000e+00;1.000000000000000000e+00;1.000000000000000000e+00;1.000000000000000000e+00;1.000000000000000000e+00;1.000000000000000000e+00;1.000000000000000000e+00;1.000000000000000000e+00;1.000000000000000000e+00;9.998400000000000620e-01;1.000000000000000000e+00;1.000000000000000000e+00;1.000000000000000000e+00;1.000000000000000000e+00
9.620799999999999352e-01;9.620799999999999352e-01;9.696000000000000174e-01;9.689600000000000435e-01;9.696000000000000174e-01;9.542400000000000881e-01;9.768000000000001126e-01;9.843199999999999728e-01;9.846399999999999597e-01;9.843199999999999728e-01;1.000000000000000000e+00;1.000000000000000000e+00;1.000000000000000000e+00;1.000000000000000000e+00;1.000000000000000000e+00;1.000000000000000000e+00;1.000000000000000000e+00;1.000000000000000000e+00;1.000000000000000000e+00;1.000000000000000000e+00;1.000000000000000000e+00;1.000000000000000000e+00;1.000000000000000000e+00;1.000000000000000000e+00;1.000000000000000000e+00;1.000000000000000000e+00;1.000000000000000000e+00;1.000000000000000000e+00;1.000000000000000000e+00;1.000000000000000000e+00;1.000000000000000000e+00;1.000000000000000000e+00;1.000000000000000000e+00;1.000000000000000000e+00;1.000000000000000000e+00;1.000000000000000000e+00;1.000000000000000000e+00;1.000000000000000000e+00;1.000000000000000000e+00;1.000000000000000000e+00;1.000000000000000000e+00;1.000000000000000000e+00;1.000000000000000000e+00;1.000000000000000000e+00;1.000000000000000000e+00;1.000000000000000000e+00;1.000000000000000000e+00;1.000000000000000000e+00;1.000000000000000000e+00;1.000000000000000000e+00
9.921599999999999309e-01;9.921599999999999309e-01;9.921599999999999309e-01;9.843199999999999728e-01;9.846399999999999597e-01;9.464000000000000190e-01;1.000000000000000000e+00;9.843199999999999728e-01;1.000000000000000000e+00;1.000000000000000000e+00;9.846399999999999597e-01;9.774399999999999755e-01;1.000000000000000000e+00;1.000000000000000000e+00;1.000000000000000000e+00;1.000000000000000000e+00;1.000000000000000000e+00;9.499199999999999866e-01;1.000000000000000000e+00;1.000000000000000000e+00;1.000000000000000000e+00;1.000000000000000000e+00;1.000000000000000000e+00;1.000000000000000000e+00;1.000000000000000000e+00;1.000000000000000000e+00;1.000000000000000000e+00;1.000000000000000000e+00;1.000000000000000000e+00;1.000000000000000000e+00;1.000000000000000000e+00;1.000000000000000000e+00;1.000000000000000000e+00;1.000000000000000000e+00;1.000000000000000000e+00;1.000000000000000000e+00;1.000000000000000000e+00;1.000000000000000000e+00;1.000000000000000000e+00;1.000000000000000000e+00;1.000000000000000000e+00;1.000000000000000000e+00;1.000000000000000000e+00;1.000000000000000000e+00;1.000000000000000000e+00;1.000000000000000000e+00;1.000000000000000000e+00;1.000000000000000000e+00;1.000000000000000000e+00;1.000000000000000000e+00
9.846399999999999597e-01;9.768000000000001126e-01;9.768000000000001126e-01;9.347200000000001063e-01;1.000000000000000000e+00;9.921599999999999309e-01;9.347199999999998843e-01;1.000000000000000000e+00;1.000000000000000000e+00;9.500800000000000356e-01;1.000000000000000000e+00;1.000000000000000000e+00;9.497600000000000486e-01;1.000000000000000000e+00;1.000000000000000000e+00;1.000000000000000000e+00;1.000000000000000000e+00;1.000000000000000000e+00;1.000000000000000000e+00;1.000000000000000000e+00;1.000000000000000000e+00;1.000000000000000000e+00;1.000000000000000000e+00;1.000000000000000000e+00;1.000000000000000000e+00;1.000000000000000000e+00;1.000000000000000000e+00;1.000000000000000000e+00;1.000000000000000000e+00;1.000000000000000000e+00;1.000000000000000000e+00;1.000000000000000000e+00;1.000000000000000000e+00;1.000000000000000000e+00;1.000000000000000000e+00;1.000000000000000000e+00;1.000000000000000000e+00;1.000000000000000000e+00;1.000000000000000000e+00;1.000000000000000000e+00;1.000000000000000000e+00;1.000000000000000000e+00;1.000000000000000000e+00;1.000000000000000000e+00;1.000000000000000000e+00;1.000000000000000000e+00;1.000000000000000000e+00;1.000000000000000000e+00;1.000000000000000000e+00;1.000000000000000000e+00
9.921599999999999309e-01;9.921599999999999309e-01;9.846399999999999597e-01;9.921599999999999309e-01;1.000000000000000000e+00;1.000000000000000000e+00;9.500800000000000356e-01;9.500800000000000356e-01;1.000000000000000000e+00;1.000000000000000000e+00;1.000000000000000000e+00;9.497600000000000486e-01;1.000000000000000000e+00;1.000000000000000000e+00;1.000000000000000000e+00;1.000000000000000000e+00;1.000000000000000000e+00;1.000000000000000000e+00;1.000000000000000000e+00;1.000000000000000000e+00;1.000000000000000000e+00;1.000000000000000000e+00;1.000000000000000000e+00;1.000000000000000000e+00;1.000000000000000000e+00;1.000000000000000000e+00;1.000000000000000000e+00;1.000000000000000000e+00;1.000000000000000000e+00;1.000000000000000000e+00;1.000000000000000000e+00;1.000000000000000000e+00;1.000000000000000000e+00;1.000000000000000000e+00;1.000000000000000000e+00;1.000000000000000000e+00;1.000000000000000000e+00;1.000000000000000000e+00;1.000000000000000000e+00;1.000000000000000000e+00;1.000000000000000000e+00;1.000000000000000000e+00;1.000000000000000000e+00;1.000000000000000000e+00;1.000000000000000000e+00;1.000000000000000000e+00;1.000000000000000000e+00;1.000000000000000000e+00;1.000000000000000000e+00;1.000000000000000000e+00
1.000000000000000000e+00;1.000000000000000000e+00;9.921599999999999309e-01;9.921599999999999309e-01;1.000000000000000000e+00;1.000000000000000000e+00;1.000000000000000000e+00;9.491199999999999637e-01;1.000000000000000000e+00;9.487999999999999767e-01;1.000000000000000000e+00;1.000000000000000000e+00;1.000000000000000000e+00;1.000000000000000000e+00;1.000000000000000000e+00;1.000000000000000000e+00;1.000000000000000000e+00;1.000000000000000000e+00;1.000000000000000000e+00;1.000000000000000000e+00;1.000000000000000000e+00;1.000000000000000000e+00;1.000000000000000000e+00;1.000000000000000000e+00;1.000000000000000000e+00;1.000000000000000000e+00;1.000000000000000000e+00;1.000000000000000000e+00;1.000000000000000000e+00;1.000000000000000000e+00;1.000000000000000000e+00;1.000000000000000000e+00;1.000000000000000000e+00;1.000000000000000000e+00;1.000000000000000000e+00;1.000000000000000000e+00;1.000000000000000000e+00;1.000000000000000000e+00;1.000000000000000000e+00;1.000000000000000000e+00;1.000000000000000000e+00;1.000000000000000000e+00;1.000000000000000000e+00;1.000000000000000000e+00;1.000000000000000000e+00;1.000000000000000000e+00;1.000000000000000000e+00;1.000000000000000000e+00;1.000000000000000000e+00;1.000000000000000000e+00
1.000000000000000000e+00;1.000000000000000000e+00;9.921599999999999309e-01;1.000000000000000000e+00;1.000000000000000000e+00;1.000000000000000000e+00;1.000000000000000000e+00;1.000000000000000000e+00;1.000000000000000000e+00;9.492799999999999017e-01;1.000000000000000000e+00;1.000000000000000000e+00;1.000000000000000000e+00;1.000000000000000000e+00;1.000000000000000000e+00;1.000000000000000000e+00;1.000000000000000000e+00;1.000000000000000000e+00;1.000000000000000000e+00;1.000000000000000000e+00;1.000000000000000000e+00;1.000000000000000000e+00;1.000000000000000000e+00;1.000000000000000000e+00;1.000000000000000000e+00;1.000000000000000000e+00;1.000000000000000000e+00;1.000000000000000000e+00;1.000000000000000000e+00;1.000000000000000000e+00;1.000000000000000000e+00;1.000000000000000000e+00;1.000000000000000000e+00;1.000000000000000000e+00;1.000000000000000000e+00;1.000000000000000000e+00;1.000000000000000000e+00;1.000000000000000000e+00;1.000000000000000000e+00;1.000000000000000000e+00;1.000000000000000000e+00;1.000000000000000000e+00;1.000000000000000000e+00;1.000000000000000000e+00;1.000000000000000000e+00;1.000000000000000000e+00;1.000000000000000000e+00;1.000000000000000000e+00;1.000000000000000000e+00;1.000000000000000000e+00
9.651199999999999779e-01;9.590399999999998926e-01;1.000000000000000000e+00;1.000000000000000000e+00;9.665599999999999747e-01;1.000000000000000000e+00;1.000000000000000000e+00;1.000000000000000000e+00;1.000000000000000000e+00;1.000000000000000000e+00;1.000000000000000000e+00;1.000000000000000000e+00;1.000000000000000000e+00;1.000000000000000000e+00;1.000000000000000000e+00;1.000000000000000000e+00;1.000000000000000000e+00;1.000000000000000000e+00;1.000000000000000000e+00;1.000000000000000000e+00;1.000000000000000000e+00;1.000000000000000000e+00;1.000000000000000000e+00;1.000000000000000000e+00;1.000000000000000000e+00;1.000000000000000000e+00;1.000000000000000000e+00;1.000000000000000000e+00;1.000000000000000000e+00;1.000000000000000000e+00;1.000000000000000000e+00;1.000000000000000000e+00;1.000000000000000000e+00;1.000000000000000000e+00;1.000000000000000000e+00;1.000000000000000000e+00;1.000000000000000000e+00;1.000000000000000000e+00;1.000000000000000000e+00;1.000000000000000000e+00;1.000000000000000000e+00;1.000000000000000000e+00;1.000000000000000000e+00;1.000000000000000000e+00;1.000000000000000000e+00;1.000000000000000000e+00;1.000000000000000000e+00;1.000000000000000000e+00;1.000000000000000000e+00;1.000000000000000000e+00
9.694399999999999684e-01;9.921599999999999309e-01;9.921599999999999309e-01;1.000000000000000000e+00;1.000000000000000000e+00;1.000000000000000000e+00;1.000000000000000000e+00;1.000000000000000000e+00;1.000000000000000000e+00;1.000000000000000000e+00;1.000000000000000000e+00;1.000000000000000000e+00;1.000000000000000000e+00;1.000000000000000000e+00;1.000000000000000000e+00;1.000000000000000000e+00;1.000000000000000000e+00;1.000000000000000000e+00;1.000000000000000000e+00;1.000000000000000000e+00;1.000000000000000000e+00;1.000000000000000000e+00;1.000000000000000000e+00;1.000000000000000000e+00;1.000000000000000000e+00;1.000000000000000000e+00;1.000000000000000000e+00;1.000000000000000000e+00;1.000000000000000000e+00;1.000000000000000000e+00;1.000000000000000000e+00;1.000000000000000000e+00;1.000000000000000000e+00;1.000000000000000000e+00;1.000000000000000000e+00;1.000000000000000000e+00;1.000000000000000000e+00;1.000000000000000000e+00;1.000000000000000000e+00;1.000000000000000000e+00;1.000000000000000000e+00;1.000000000000000000e+00;1.000000000000000000e+00;1.000000000000000000e+00;1.000000000000000000e+00;1.000000000000000000e+00;1.000000000000000000e+00;1.000000000000000000e+00;1.000000000000000000e+00;1.000000000000000000e+00
1.000000000000000000e+00;1.000000000000000000e+00;1.000000000000000000e+00;1.000000000000000000e+00;1.000000000000000000e+00;1.000000000000000000e+00;1.000000000000000000e+00;1.000000000000000000e+00;1.000000000000000000e+00;1.000000000000000000e+00;1.000000000000000000e+00;1.000000000000000000e+00;1.000000000000000000e+00;1.000000000000000000e+00;1.000000000000000000e+00;1.000000000000000000e+00;1.000000000000000000e+00;1.000000000000000000e+00;1.000000000000000000e+00;1.000000000000000000e+00;1.000000000000000000e+00;1.000000000000000000e+00;1.000000000000000000e+00;1.000000000000000000e+00;1.000000000000000000e+00;1.000000000000000000e+00;1.000000000000000000e+00;1.000000000000000000e+00;1.000000000000000000e+00;1.000000000000000000e+00;1.000000000000000000e+00;1.000000000000000000e+00;1.000000000000000000e+00;1.000000000000000000e+00;1.000000000000000000e+00;1.000000000000000000e+00;1.000000000000000000e+00;1.000000000000000000e+00;1.000000000000000000e+00;1.000000000000000000e+00;1.000000000000000000e+00;1.000000000000000000e+00;1.000000000000000000e+00;1.000000000000000000e+00;1.000000000000000000e+00;1.000000000000000000e+00;1.000000000000000000e+00;1.000000000000000000e+00;1.000000000000000000e+00;1.000000000000000000e+00
1.000000000000000000e+00;1.000000000000000000e+00;1.000000000000000000e+00;1.000000000000000000e+00;1.000000000000000000e+00;1.000000000000000000e+00;1.000000000000000000e+00;1.000000000000000000e+00;1.000000000000000000e+00;1.000000000000000000e+00;1.000000000000000000e+00;1.000000000000000000e+00;1.000000000000000000e+00;1.000000000000000000e+00;1.000000000000000000e+00;1.000000000000000000e+00;1.000000000000000000e+00;1.000000000000000000e+00;1.000000000000000000e+00;1.000000000000000000e+00;1.000000000000000000e+00;1.000000000000000000e+00;1.000000000000000000e+00;1.000000000000000000e+00;1.000000000000000000e+00;1.000000000000000000e+00;1.000000000000000000e+00;1.000000000000000000e+00;1.000000000000000000e+00;1.000000000000000000e+00;1.000000000000000000e+00;1.000000000000000000e+00;1.000000000000000000e+00;1.000000000000000000e+00;1.000000000000000000e+00;1.000000000000000000e+00;1.000000000000000000e+00;1.000000000000000000e+00;1.000000000000000000e+00;1.000000000000000000e+00;1.000000000000000000e+00;1.000000000000000000e+00;1.000000000000000000e+00;1.000000000000000000e+00;1.000000000000000000e+00;1.000000000000000000e+00;1.000000000000000000e+00;1.000000000000000000e+00;1.000000000000000000e+00;1.000000000000000000e+00
1.000000000000000000e+00;9.921599999999999309e-01;1.000000000000000000e+00;1.000000000000000000e+00;1.000000000000000000e+00;1.000000000000000000e+00;1.000000000000000000e+00;1.000000000000000000e+00;1.000000000000000000e+00;1.000000000000000000e+00;1.000000000000000000e+00;1.000000000000000000e+00;1.000000000000000000e+00;1.000000000000000000e+00;1.000000000000000000e+00;1.000000000000000000e+00;1.000000000000000000e+00;1.000000000000000000e+00;1.000000000000000000e+00;1.000000000000000000e+00;1.000000000000000000e+00;1.000000000000000000e+00;1.000000000000000000e+00;1.000000000000000000e+00;1.000000000000000000e+00;1.000000000000000000e+00;1.000000000000000000e+00;1.000000000000000000e+00;1.000000000000000000e+00;1.000000000000000000e+00;1.000000000000000000e+00;1.000000000000000000e+00;1.000000000000000000e+00;1.000000000000000000e+00;1.000000000000000000e+00;1.000000000000000000e+00;1.000000000000000000e+00;1.000000000000000000e+00;1.000000000000000000e+00;1.000000000000000000e+00;1.000000000000000000e+00;1.000000000000000000e+00;1.000000000000000000e+00;1.000000000000000000e+00;1.000000000000000000e+00;1.000000000000000000e+00;1.000000000000000000e+00;1.000000000000000000e+00;1.000000000000000000e+00;1.000000000000000000e+00
9.985600000000000032e-01;1.000000000000000000e+00;1.000000000000000000e+00;1.000000000000000000e+00;9.921599999999999309e-01;9.982400000000000162e-01;1.000000000000000000e+00;1.000000000000000000e+00;1.000000000000000000e+00;1.000000000000000000e+00;1.000000000000000000e+00;1.000000000000000000e+00;1.000000000000000000e+00;1.000000000000000000e+00;1.000000000000000000e+00;1.000000000000000000e+00;1.000000000000000000e+00;1.000000000000000000e+00;1.000000000000000000e+00;1.000000000000000000e+00;1.000000000000000000e+00;1.000000000000000000e+00;1.000000000000000000e+00;1.000000000000000000e+00;1.000000000000000000e+00;1.000000000000000000e+00;1.000000000000000000e+00;1.000000000000000000e+00;1.000000000000000000e+00;1.000000000000000000e+00;1.000000000000000000e+00;1.000000000000000000e+00;1.000000000000000000e+00;1.000000000000000000e+00;1.000000000000000000e+00;1.000000000000000000e+00;1.000000000000000000e+00;1.000000000000000000e+00;1.000000000000000000e+00;1.000000000000000000e+00;1.000000000000000000e+00;1.000000000000000000e+00;1.000000000000000000e+00;1.000000000000000000e+00;1.000000000000000000e+00;1.000000000000000000e+00;1.000000000000000000e+00;1.000000000000000000e+00;1.000000000000000000e+00;1.000000000000000000e+00
1.000000000000000000e+00;9.974399999999998823e-01;1.000000000000000000e+00;1.000000000000000000e+00;1.000000000000000000e+00;1.000000000000000000e+00;1.000000000000000000e+00;1.000000000000000000e+00;1.000000000000000000e+00;1.000000000000000000e+00;1.000000000000000000e+00;1.000000000000000000e+00;1.000000000000000000e+00;1.000000000000000000e+00;1.000000000000000000e+00;1.000000000000000000e+00;1.000000000000000000e+00;1.000000000000000000e+00;1.000000000000000000e+00;1.000000000000000000e+00;1.000000000000000000e+00;1.000000000000000000e+00;1.000000000000000000e+00;1.000000000000000000e+00;1.000000000000000000e+00;1.000000000000000000e+00;1.000000000000000000e+00;1.000000000000000000e+00;1.000000000000000000e+00;1.000000000000000000e+00;1.000000000000000000e+00;1.000000000000000000e+00;1.000000000000000000e+00;1.000000000000000000e+00;1.000000000000000000e+00;1.000000000000000000e+00;1.000000000000000000e+00;1.000000000000000000e+00;1.000000000000000000e+00;1.000000000000000000e+00;1.000000000000000000e+00;1.000000000000000000e+00;1.000000000000000000e+00;1.000000000000000000e+00;1.000000000000000000e+00;1.000000000000000000e+00;1.000000000000000000e+00;1.000000000000000000e+00;1.000000000000000000e+00;1.000000000000000000e+00
9.974399999999998823e-01;9.974399999999998823e-01;1.000000000000000000e+00;1.000000000000000000e+00;1.000000000000000000e+00;1.000000000000000000e+00;1.000000000000000000e+00;1.000000000000000000e+00;1.000000000000000000e+00;1.000000000000000000e+00;1.000000000000000000e+00;1.000000000000000000e+00;1.000000000000000000e+00;1.000000000000000000e+00;1.000000000000000000e+00;1.000000000000000000e+00;1.000000000000000000e+00;1.000000000000000000e+00;1.000000000000000000e+00;1.000000000000000000e+00;1.000000000000000000e+00;1.000000000000000000e+00;1.000000000000000000e+00;1.000000000000000000e+00;1.000000000000000000e+00;1.000000000000000000e+00;1.000000000000000000e+00;1.000000000000000000e+00;1.000000000000000000e+00;1.000000000000000000e+00;1.000000000000000000e+00;1.000000000000000000e+00;1.000000000000000000e+00;1.000000000000000000e+00;1.000000000000000000e+00;1.000000000000000000e+00;1.000000000000000000e+00;1.000000000000000000e+00;1.000000000000000000e+00;1.000000000000000000e+00;1.000000000000000000e+00;1.000000000000000000e+00;1.000000000000000000e+00;1.000000000000000000e+00;1.000000000000000000e+00;1.000000000000000000e+00;1.000000000000000000e+00;1.000000000000000000e+00;1.000000000000000000e+00;1.000000000000000000e+00
1.000000000000000000e+00;1.000000000000000000e+00;1.000000000000000000e+00;1.000000000000000000e+00;1.000000000000000000e+00;1.000000000000000000e+00;1.000000000000000000e+00;1.000000000000000000e+00;1.000000000000000000e+00;1.000000000000000000e+00;1.000000000000000000e+00;1.000000000000000000e+00;1.000000000000000000e+00;1.000000000000000000e+00;1.000000000000000000e+00;1.000000000000000000e+00;1.000000000000000000e+00;1.000000000000000000e+00;1.000000000000000000e+00;1.000000000000000000e+00;1.000000000000000000e+00;1.000000000000000000e+00;1.000000000000000000e+00;1.000000000000000000e+00;1.000000000000000000e+00;1.000000000000000000e+00;1.000000000000000000e+00;1.000000000000000000e+00;1.000000000000000000e+00;1.000000000000000000e+00;1.000000000000000000e+00;1.000000000000000000e+00;1.000000000000000000e+00;1.000000000000000000e+00;1.000000000000000000e+00;1.000000000000000000e+00;1.000000000000000000e+00;1.000000000000000000e+00;1.000000000000000000e+00;1.000000000000000000e+00;1.000000000000000000e+00;1.000000000000000000e+00;1.000000000000000000e+00;1.000000000000000000e+00;1.000000000000000000e+00;1.000000000000000000e+00;1.000000000000000000e+00;1.000000000000000000e+00;1.000000000000000000e+00;1.000000000000000000e+00
1.000000000000000000e+00;1.000000000000000000e+00;1.000000000000000000e+00;1.000000000000000000e+00;1.000000000000000000e+00;1.000000000000000000e+00;1.000000000000000000e+00;1.000000000000000000e+00;1.000000000000000000e+00;1.000000000000000000e+00;1.000000000000000000e+00;1.000000000000000000e+00;1.000000000000000000e+00;1.000000000000000000e+00;1.000000000000000000e+00;1.000000000000000000e+00;1.000000000000000000e+00;1.000000000000000000e+00;1.000000000000000000e+00;1.000000000000000000e+00;1.000000000000000000e+00;1.000000000000000000e+00;1.000000000000000000e+00;1.000000000000000000e+00;1.000000000000000000e+00;1.000000000000000000e+00;1.000000000000000000e+00;1.000000000000000000e+00;1.000000000000000000e+00;1.000000000000000000e+00;1.000000000000000000e+00;1.000000000000000000e+00;1.000000000000000000e+00;1.000000000000000000e+00;1.000000000000000000e+00;1.000000000000000000e+00;1.000000000000000000e+00;1.000000000000000000e+00;1.000000000000000000e+00;1.000000000000000000e+00;1.000000000000000000e+00;1.000000000000000000e+00;1.000000000000000000e+00;1.000000000000000000e+00;1.000000000000000000e+00;1.000000000000000000e+00;1.000000000000000000e+00;1.000000000000000000e+00;1.000000000000000000e+00;1.000000000000000000e+00
